{"sampleHz":60,"rootY":[0,0.000006,0.000019,0.000026,0.000009,-0.000059,-0.000208,-0.00047,-0.000884,-0.001496,-0.002338,-0.003448,-0.004862,-0.006616,-0.008743,-0.011272,-0.014228,-0.017664,-0.021575,-0.025956,-0.030806,-0.036118,-0.041879,-0.048067,-0.054655,-0.061626,-0.068929,-0.076502,-0.084253,-0.092043,-0.099833,-0.107623,-0.115412,-0.123202,-0.130992,-0.138782,-0.146571,-0.154361,-0.162151,-0.16994,-0.177755,-0.185693,-0.193772,-0.201973,-0.210291,-0.218718,-0.227247,-0.235812,-0.244377,-0.252943,-0.261508,-0.270074,-0.278639,-0.287204,-0.29577,-0.304335,-0.312901,-0.321466,-0.330031,-0.338597,-0.347162,-0.355727,-0.364293,-0.372858,-0.381424,-0.389989,-0.398554,-0.40712,-0.415685,-0.424251,-0.433976,-0.441927,-0.462571,-0.466142,-0.466142,-0.466142,-0.466142,-0.466142,-0.466142,-0.466142,-0.466142,-0.466142,-0.466142,-0.466142,-0.466142,-0.466142,-0.466142,-0.466142,-0.466142,-0.466142,-0.466142,-0.466142,-0.466142,-0.466142,-0.466142,-0.466142,-0.466142,-0.466142,-0.466142,-0.466142,-0.466142,-0.466142,-0.466142,-0.466142,-0.466142,-0.466142,-0.466142,-0.466142,-0.466142,-0.466142,-0.466142,-0.466142,-0.466142,-0.466142,-0.466142]}